{
  "full/S1": {
    "ablation": "full",
    "scenario": "S1",
    "n_seeds": 30,
    "cum_pa_mean": 5511.960973633051,
    "cum_pa_std": 53.608015359695315,
    "q_bar_T": 0.7967048438398618,
    "mean_q": 0.7967048438398618,
    "roi": 377.6381981825098,
    "total_spent": 21.107683333332645,
    "pa_gap": 1325.41548468763,
    "adapt_time_mean": null,
    "adapt_time_count": 0,
    "adapt_time_total": 30
  },
  "full/S2": {
    "ablation": "full",
    "scenario": "S2",
    "n_seeds": 30,
    "cum_pa_mean": 5147.376212373088,
    "cum_pa_std": 79.62812056566875,
    "q_bar_T": 0.760980827127857,
    "mean_q": 0.760980827127857,
    "roi": 356.5785833292542,
    "total_spent": 21.36689999999883,
    "pa_gap": 1661.6831544336019,
    "adapt_time_mean": 1467.4333333333334,
    "adapt_time_count": 30,
    "adapt_time_total": 30
  },
  "full/S3": {
    "ablation": "full",
    "scenario": "S3",
    "n_seeds": 30,
    "cum_pa_mean": 5910.5269157502635,
    "cum_pa_std": 50.56553315124983,
    "q_bar_T": 0.830765881567849,
    "mean_q": 0.830765881567849,
    "roi": 428.7009340512066,
    "total_spent": 19.38063333333347,
    "pa_gap": 1206.257039257248,
    "adapt_time_mean": 200,
    "adapt_time_count": 30,
    "adapt_time_total": 30
  },
  "no_p/S1": {
    "ablation": "no_p",
    "scenario": "S1",
    "n_seeds": 30,
    "cum_pa_mean": -1709.548854028732,
    "cum_pa_std": 588.4693259551199,
    "q_bar_T": 0.5553214268686054,
    "mean_q": 0.839271231721651,
    "roi": 111.06459915089638,
    "total_spent": 49.99986666666636,
    "pa_gap": 8546.925312349413,
    "adapt_time_mean": null,
    "adapt_time_count": 0,
    "adapt_time_total": 30
  },
  "no_p/S2": {
    "ablation": "no_p",
    "scenario": "S2",
    "n_seeds": 30,
    "cum_pa_mean": -1966.1318986232877,
    "cum_pa_std": 506.79411571459775,
    "q_bar_T": 0.5172272080546537,
    "mean_q": 0.839021172378048,
    "roi": 103.4454416109329,
    "total_spent": 49.999999999998956,
    "pa_gap": 8775.191265429978,
    "adapt_time_mean": 1610.7142857142858,
    "adapt_time_count": 14,
    "adapt_time_total": 30
  },
  "no_p/S3": {
    "ablation": "no_p",
    "scenario": "S3",
    "n_seeds": 30,
    "cum_pa_mean": 4528.170055106787,
    "cum_pa_std": 368.8527301418566,
    "q_bar_T": 0.8396808001180194,
    "mean_q": 0.8396808001180194,
    "roi": 350.54209629381506,
    "total_spent": 23.991166666664533,
    "pa_gap": 2588.6138999007244,
    "adapt_time_mean": 200,
    "adapt_time_count": 30,
    "adapt_time_total": 30
  },
  "no_d/S1": {
    "ablation": "no_d",
    "scenario": "S1",
    "n_seeds": 30,
    "cum_pa_mean": 5744.981503289101,
    "cum_pa_std": 95.46504051626519,
    "q_bar_T": 0.8097431824270167,
    "mean_q": 0.8097431824270167,
    "roi": 412.46278312971276,
    "total_spent": 19.68178333333335,
    "pa_gap": 1092.3949550315801,
    "adapt_time_mean": null,
    "adapt_time_count": 0,
    "adapt_time_total": 30
  },
  "no_d/S2": {
    "ablation": "no_d",
    "scenario": "S2",
    "n_seeds": 30,
    "cum_pa_mean": 5113.036798676341,
    "cum_pa_std": 125.24761923877908,
    "q_bar_T": 0.7450806427888772,
    "mean_q": 0.7450806427888772,
    "roi": 398.9864167088914,
    "total_spent": 18.713433333333413,
    "pa_gap": 1696.0225681303482,
    "adapt_time_mean": 2248.733333333333,
    "adapt_time_count": 30,
    "adapt_time_total": 30
  },
  "no_d/S3": {
    "ablation": "no_d",
    "scenario": "S3",
    "n_seeds": 30,
    "cum_pa_mean": 5973.6462475688895,
    "cum_pa_std": 93.0186554702407,
    "q_bar_T": 0.8378968004321361,
    "mean_q": 0.8378968004321361,
    "roi": 425.60895786778286,
    "total_spent": 19.69859999999998,
    "pa_gap": 1143.1377074386219,
    "adapt_time_mean": 278.56666666666666,
    "adapt_time_count": 30,
    "adapt_time_total": 30
  },
  "no_c/S1": {
    "ablation": "no_c",
    "scenario": "S1",
    "n_seeds": 30,
    "cum_pa_mean": 5678.701396992729,
    "cum_pa_std": 41.41294983321213,
    "q_bar_T": 0.811577400452369,
    "mean_q": 0.811577400452369,
    "roi": 390.0580430963125,
    "total_spent": 20.808449999999404,
    "pa_gap": 1158.6750613279519,
    "adapt_time_mean": null,
    "adapt_time_count": 0,
    "adapt_time_total": 30
  },
  "no_c/S2": {
    "ablation": "no_c",
    "scenario": "S2",
    "n_seeds": 30,
    "cum_pa_mean": 5225.1948946499815,
    "cum_pa_std": 66.11359840107183,
    "q_bar_T": 0.7608377438828817,
    "mean_q": 0.7608377438828817,
    "roi": 368.3052852769035,
    "total_spent": 20.683033333332673,
    "pa_gap": 1583.864472156708,
    "adapt_time_mean": 1175.6666666666667,
    "adapt_time_count": 30,
    "adapt_time_total": 30
  },
  "no_c/S3": {
    "ablation": "no_c",
    "scenario": "S3",
    "n_seeds": 30,
    "cum_pa_mean": 6024.378723129304,
    "cum_pa_std": 34.78928001294896,
    "q_bar_T": 0.8479742805454863,
    "mean_q": 0.8479742805454863,
    "roi": 425.1349756350593,
    "total_spent": 19.94641666666649,
    "pa_gap": 1092.4052318782078,
    "adapt_time_mean": 398,
    "adapt_time_count": 29,
    "adapt_time_total": 30
  },
  "no_ts/S1": {
    "ablation": "no_ts",
    "scenario": "S1",
    "n_seeds": 30,
    "cum_pa_mean": 5540.063901883619,
    "cum_pa_std": 458.27319172871205,
    "q_bar_T": 0.7402840949910473,
    "mean_q": 0.7402840949910473,
    "roi": 535.4783718177315,
    "total_spent": 14.96326666666713,
    "pa_gap": 1297.312556437062,
    "adapt_time_mean": null,
    "adapt_time_count": 0,
    "adapt_time_total": 30
  },
  "no_ts/S2": {
    "ablation": "no_ts",
    "scenario": "S2",
    "n_seeds": 30,
    "cum_pa_mean": 5062.705481672593,
    "cum_pa_std": 480.52395102944394,
    "q_bar_T": 0.6874729247049848,
    "mean_q": 0.6874729247049848,
    "roi": 536.9161096530074,
    "total_spent": 14.018833333333856,
    "pa_gap": 1746.3538851340963,
    "adapt_time_mean": 1125.0333333333333,
    "adapt_time_count": 30,
    "adapt_time_total": 30
  },
  "no_ts/S3": {
    "ablation": "no_ts",
    "scenario": "S3",
    "n_seeds": 30,
    "cum_pa_mean": 5663.30169237311,
    "cum_pa_std": 243.81747141188717,
    "q_bar_T": 0.7416481420908185,
    "mean_q": 0.7416481420908185,
    "roi": 552.281193878777,
    "total_spent": 14.158600000001206,
    "pa_gap": 1453.4822626344012,
    "adapt_time_mean": 2231.5,
    "adapt_time_count": 24,
    "adapt_time_total": 30
  }
}