{
  "default": {
    "n_padct_seeds": 10,
    "n_oracle_seeds": 10,
    "q_bar_T_mean": 0.7955035655383491,
    "q_bar_T_se": 0.0013507976625371176,
    "budget_pct_mean": 42.15609999999852,
    "budget_pct_se": 0.28967239925273514,
    "ROI_mean": 377.53622157261714,
    "ROI_se": 2.098248227387735,
    "bankrupt_rate": 0.0,
    "PA_gap_T_mean": 0.13282250138056642,
    "PA_gap_T_se": 0.0012919847770324002
  },
  "gamma_low": {
    "n_padct_seeds": 10,
    "n_oracle_seeds": 10,
    "q_bar_T_mean": 0.7529399011813295,
    "q_bar_T_se": 0.0010090440152366585,
    "budget_pct_mean": 49.81079999999646,
    "budget_pct_se": 0.19579784359272323,
    "ROI_mean": 302.36252601263527,
    "ROI_se": 1.266577059782215,
    "bankrupt_rate": 0.0,
    "PA_gap_T_mean": 0.2086620458366626,
    "PA_gap_T_se": 0.0013139573846102032
  },
  "gamma_high": {
    "n_padct_seeds": 10,
    "n_oracle_seeds": 10,
    "q_bar_T_mean": 0.8012589927856453,
    "q_bar_T_se": 0.0017753740539055312,
    "budget_pct_mean": 40.84709999999916,
    "budget_pct_se": 0.4078219777738849,
    "ROI_mean": 392.61114196442145,
    "ROI_se": 3.2538762327292448,
    "bankrupt_rate": 0.0,
    "PA_gap_T_mean": 0.12182129205836223,
    "PA_gap_T_se": 0.001588694122221921
  },
  "nu_low": {
    "n_padct_seeds": 10,
    "n_oracle_seeds": 10,
    "q_bar_T_mean": 0.7946983420614653,
    "q_bar_T_se": 0.0014967710379650359,
    "budget_pct_mean": 42.11589999999861,
    "budget_pct_se": 0.3872548242291785,
    "ROI_mean": 377.62796135731554,
    "ROI_se": 2.9502516240826364,
    "bankrupt_rate": 0.0,
    "PA_gap_T_mean": 0.13286105048060973,
    "PA_gap_T_se": 0.0017709902006879307
  },
  "nu_high": {
    "n_padct_seeds": 10,
    "n_oracle_seeds": 10,
    "q_bar_T_mean": 0.7968582996859008,
    "q_bar_T_se": 0.00140412462518475,
    "budget_pct_mean": 42.103899999998575,
    "budget_pct_se": 0.3091775990878079,
    "ROI_mean": 378.67220921094247,
    "ROI_se": 2.3491388810790443,
    "bankrupt_rate": 0.0,
    "PA_gap_T_mean": 0.13241405916322463,
    "PA_gap_T_se": 0.0013727157249033045
  },
  "alpha_low": {
    "n_padct_seeds": 10,
    "n_oracle_seeds": 10,
    "q_bar_T_mean": 0.7880307530923325,
    "q_bar_T_se": 0.0016885447779481134,
    "budget_pct_mean": 36.651800000001515,
    "budget_pct_se": 0.3255970857088233,
    "ROI_mean": 430.25452409284435,
    "ROI_se": 3.104016672444683,
    "bankrupt_rate": 0.0,
    "PA_gap_T_mean": 0.10448457015877743,
    "PA_gap_T_se": 0.0010824574101330146
  },
  "alpha_high": {
    "n_padct_seeds": 10,
    "n_oracle_seeds": 10,
    "q_bar_T_mean": 0.8023822327454817,
    "q_bar_T_se": 0.0011084669008366813,
    "budget_pct_mean": 54.70389999999552,
    "budget_pct_se": 0.37826943513266775,
    "ROI_mean": 293.47750384834234,
    "ROI_se": 2.0169534988254965,
    "bankrupt_rate": 0.0,
    "PA_gap_T_mean": 0.1781238187241342,
    "PA_gap_T_se": 0.0016443399829958456
  },
  "cmax_low": {
    "n_padct_seeds": 10,
    "n_oracle_seeds": 10,
    "q_bar_T_mean": 0.7871761898193305,
    "q_bar_T_se": 0.0014797159318129202,
    "budget_pct_mean": 41.90369999999871,
    "budget_pct_se": 0.3726175593761535,
    "ROI_mean": 375.94491827680895,
    "ROI_se": 3.015911420989275,
    "bankrupt_rate": 0.0,
    "PA_gap_T_mean": 0.1567136053693573,
    "PA_gap_T_se": 0.002745257879801482
  },
  "cmax_high": {
    "n_padct_seeds": 10,
    "n_oracle_seeds": 10,
    "q_bar_T_mean": 0.8002878746327811,
    "q_bar_T_se": 0.0011123067717751834,
    "budget_pct_mean": 50.539699999995975,
    "budget_pct_se": 0.33299259417860605,
    "ROI_mean": 316.8097711882953,
    "ROI_se": 1.9488994906037485,
    "bankrupt_rate": 0.0,
    "PA_gap_T_mean": 0.1489872352550852,
    "PA_gap_T_se": 0.002079817707412821
  }
}